{
    "files": {
        "/Applications/XAMPP/xamppfiles/htdocs/connecthealth/mpesa/mpesa/src/Mpesa/AccountBalance/Balance.php": {
            "fileSize": 2840,
            "lastModified": 1520323818,
            "classes": [
                "Kabangi\\Mpesa\\AccountBalance\\Balance"
            ],
            "functions": [],
            "constants": []
        },
        "/Applications/XAMPP/xamppfiles/htdocs/connecthealth/mpesa/mpesa/src/Mpesa/Auth/Authenticator.php": {
            "fileSize": 3387,
            "lastModified": 1520324072,
            "classes": [
                "Kabangi\\Mpesa\\Auth\\Authenticator"
            ],
            "functions": [],
            "constants": []
        },
        "/Applications/XAMPP/xamppfiles/htdocs/connecthealth/mpesa/mpesa/src/Mpesa/B2B/Pay.php": {
            "fileSize": 3324,
            "lastModified": 1520323795,
            "classes": [
                "Kabangi\\Mpesa\\B2B\\Pay"
            ],
            "functions": [],
            "constants": []
        },
        "/Applications/XAMPP/xamppfiles/htdocs/connecthealth/mpesa/mpesa/src/Mpesa/B2C/Pay.php": {
            "fileSize": 3332,
            "lastModified": 1520324125,
            "classes": [
                "Kabangi\\Mpesa\\B2C\\Pay"
            ],
            "functions": [],
            "constants": []
        },
        "/Applications/XAMPP/xamppfiles/htdocs/connecthealth/mpesa/mpesa/src/Mpesa/C2B/Register.php": {
            "fileSize": 2234,
            "lastModified": 1520324151,
            "classes": [
                "Kabangi\\Mpesa\\C2B\\Register"
            ],
            "functions": [],
            "constants": []
        },
        "/Applications/XAMPP/xamppfiles/htdocs/connecthealth/mpesa/mpesa/src/Mpesa/C2B/Simulate.php": {
            "fileSize": 2186,
            "lastModified": 1520324139,
            "classes": [
                "Kabangi\\Mpesa\\C2B\\Simulate"
            ],
            "functions": [],
            "constants": []
        },
        "/Applications/XAMPP/xamppfiles/htdocs/connecthealth/mpesa/mpesa/src/Mpesa/Contracts/CacheStore.php": {
            "fileSize": 701,
            "lastModified": 1514189183,
            "classes": [
                "Kabangi\\Mpesa\\Contracts\\CacheStore"
            ],
            "functions": [],
            "constants": []
        },
        "/Applications/XAMPP/xamppfiles/htdocs/connecthealth/mpesa/mpesa/src/Mpesa/Contracts/ConfigurationStore.php": {
            "fileSize": 418,
            "lastModified": 1514189183,
            "classes": [
                "Kabangi\\Mpesa\\Contracts\\ConfigurationStore"
            ],
            "functions": [],
            "constants": []
        },
        "/Applications/XAMPP/xamppfiles/htdocs/connecthealth/mpesa/mpesa/src/Mpesa/Contracts/Transactable.php": {
            "fileSize": 331,
            "lastModified": 1514189183,
            "classes": [
                "Kabangi\\Mpesa\\Contracts\\Transactable"
            ],
            "functions": [],
            "constants": []
        },
        "/Applications/XAMPP/xamppfiles/htdocs/connecthealth/mpesa/mpesa/src/Mpesa/Engine/Core.php": {
            "fileSize": 5616,
            "lastModified": 1520323591,
            "classes": [
                "Kabangi\\Mpesa\\Engine\\Core"
            ],
            "functions": [],
            "constants": []
        },
        "/Applications/XAMPP/xamppfiles/htdocs/connecthealth/mpesa/mpesa/src/Mpesa/Engine/MpesaTrait.php": {
            "fileSize": 1881,
            "lastModified": 1520327313,
            "classes": [
                "Kabangi\\Mpesa\\Engine\\MpesaTrait"
            ],
            "functions": [],
            "constants": []
        },
        "/Applications/XAMPP/xamppfiles/htdocs/connecthealth/mpesa/mpesa/src/Mpesa/Exceptions/ConfigurationException.php": {
            "fileSize": 115,
            "lastModified": 1519898187,
            "classes": [
                "Kabangi\\Mpesa\\Exceptions\\ConfigurationException"
            ],
            "functions": [],
            "constants": []
        },
        "/Applications/XAMPP/xamppfiles/htdocs/connecthealth/mpesa/mpesa/src/Mpesa/Exceptions/ErrorException.php": {
            "fileSize": 107,
            "lastModified": 1519899286,
            "classes": [
                "Kabangi\\Mpesa\\Exceptions\\ErrorException"
            ],
            "functions": [],
            "constants": []
        },
        "/Applications/XAMPP/xamppfiles/htdocs/connecthealth/mpesa/mpesa/src/Mpesa/LipaNaMpesaOnline/STKPush.php": {
            "fileSize": 2859,
            "lastModified": 1520324170,
            "classes": [
                "Kabangi\\Mpesa\\LipaNaMpesaOnline\\STKPush"
            ],
            "functions": [],
            "constants": []
        },
        "/Applications/XAMPP/xamppfiles/htdocs/connecthealth/mpesa/mpesa/src/Mpesa/LipaNaMpesaOnline/STKStatusQuery.php": {
            "fileSize": 1853,
            "lastModified": 1520324197,
            "classes": [
                "Kabangi\\Mpesa\\LipaNaMpesaOnline\\STKStatusQuery"
            ],
            "functions": [],
            "constants": []
        },
        "/Applications/XAMPP/xamppfiles/htdocs/connecthealth/mpesa/mpesa/src/Mpesa/Native/Mpesa.php": {
            "fileSize": 600,
            "lastModified": 1515271447,
            "classes": [
                "Kabangi\\Mpesa\\Native\\Mpesa"
            ],
            "functions": [],
            "constants": []
        },
        "/Applications/XAMPP/xamppfiles/htdocs/connecthealth/mpesa/mpesa/src/Mpesa/Native/NativeCache.php": {
            "fileSize": 2801,
            "lastModified": 1515248484,
            "classes": [
                "Kabangi\\Mpesa\\Native\\NativeCache"
            ],
            "functions": [],
            "constants": []
        },
        "/Applications/XAMPP/xamppfiles/htdocs/connecthealth/mpesa/mpesa/src/Mpesa/Native/NativeConfig.php": {
            "fileSize": 3731,
            "lastModified": 1514366380,
            "classes": [
                "Kabangi\\Mpesa\\Native\\NativeConfig"
            ],
            "functions": [],
            "constants": []
        },
        "/Applications/XAMPP/xamppfiles/htdocs/connecthealth/mpesa/mpesa/src/Mpesa/Packagist/Installer.php": {
            "fileSize": 1093,
            "lastModified": 1520188637,
            "classes": [
                "Kabangi\\Mpesa\\Support\\Installer"
            ],
            "functions": [],
            "constants": []
        },
        "/Applications/XAMPP/xamppfiles/htdocs/connecthealth/mpesa/mpesa/src/Mpesa/Reversal/Reversal.php": {
            "fileSize": 2921,
            "lastModified": 1520324208,
            "classes": [
                "Kabangi\\Mpesa\\Reversal\\Reversal"
            ],
            "functions": [],
            "constants": []
        },
        "/Applications/XAMPP/xamppfiles/htdocs/connecthealth/mpesa/mpesa/src/Mpesa/TransactionStatus/TransactionStatus.php": {
            "fileSize": 3011,
            "lastModified": 1520324219,
            "classes": [
                "Kabangi\\Mpesa\\TransactionStatus\\TransactionStatus"
            ],
            "functions": [],
            "constants": []
        },
        "/Applications/XAMPP/xamppfiles/htdocs/connecthealth/mpesa/mpesa/src/Mpesa/Validation/DataWrapper/ArrayWrapper.php": {
            "fileSize": 1104,
            "lastModified": 1515470679,
            "classes": [
                "Kabangi\\Mpesa\\Validation\\DataWrapper\\ArrayWrapper"
            ],
            "functions": [],
            "constants": []
        },
        "/Applications/XAMPP/xamppfiles/htdocs/connecthealth/mpesa/mpesa/src/Mpesa/Validation/DataWrapper/WrapperInterface.php": {
            "fileSize": 412,
            "lastModified": 1515470679,
            "classes": [
                "Kabangi\\Mpesa\\Validation\\DataWrapper\\WrapperInterface"
            ],
            "functions": [],
            "constants": []
        },
        "/Applications/XAMPP/xamppfiles/htdocs/connecthealth/mpesa/mpesa/src/Mpesa/Validation/ErrorMessage.php": {
            "fileSize": 1151,
            "lastModified": 1515470679,
            "classes": [
                "Kabangi\\Mpesa\\Validation\\ErrorMessage"
            ],
            "functions": [],
            "constants": []
        },
        "/Applications/XAMPP/xamppfiles/htdocs/connecthealth/mpesa/mpesa/src/Mpesa/Validation/Helper.php": {
            "fileSize": 7618,
            "lastModified": 1515470679,
            "classes": [
                "Kabangi\\Mpesa\\Validation\\Helper"
            ],
            "functions": [],
            "constants": []
        },
        "/Applications/XAMPP/xamppfiles/htdocs/connecthealth/mpesa/mpesa/src/Mpesa/Validation/Rule/AbstractRule.php": {
            "fileSize": 11999,
            "lastModified": 1515470679,
            "classes": [
                "Kabangi\\Mpesa\\Validation\\Rule\\AbstractRule"
            ],
            "functions": [],
            "constants": []
        },
        "/Applications/XAMPP/xamppfiles/htdocs/connecthealth/mpesa/mpesa/src/Mpesa/Validation/Rule/AbstractStringRule.php": {
            "fileSize": 468,
            "lastModified": 1515470679,
            "classes": [
                "Kabangi\\Mpesa\\Validation\\Rule\\AbstractStringRule"
            ],
            "functions": [],
            "constants": []
        },
        "/Applications/XAMPP/xamppfiles/htdocs/connecthealth/mpesa/mpesa/src/Mpesa/Validation/Rule/Alpha.php": {
            "fileSize": 432,
            "lastModified": 1515470679,
            "classes": [
                "Kabangi\\Mpesa\\Validation\\Rule\\Alpha"
            ],
            "functions": [],
            "constants": []
        },
        "/Applications/XAMPP/xamppfiles/htdocs/connecthealth/mpesa/mpesa/src/Mpesa/Validation/Rule/AlphaNumHyphen.php": {
            "fileSize": 704,
            "lastModified": 1515470679,
            "classes": [
                "Kabangi\\Mpesa\\Validation\\Rule\\AlphaNumHyphen"
            ],
            "functions": [],
            "constants": []
        },
        "/Applications/XAMPP/xamppfiles/htdocs/connecthealth/mpesa/mpesa/src/Mpesa/Validation/Rule/AlphaNumeric.php": {
            "fileSize": 464,
            "lastModified": 1515470679,
            "classes": [
                "Kabangi\\Mpesa\\Validation\\Rule\\AlphaNumeric"
            ],
            "functions": [],
            "constants": []
        },
        "/Applications/XAMPP/xamppfiles/htdocs/connecthealth/mpesa/mpesa/src/Mpesa/Validation/Rule/ArrayLength.php": {
            "fileSize": 1097,
            "lastModified": 1515470679,
            "classes": [
                "Kabangi\\Mpesa\\Validation\\Rule\\ArrayLength"
            ],
            "functions": [],
            "constants": []
        },
        "/Applications/XAMPP/xamppfiles/htdocs/connecthealth/mpesa/mpesa/src/Mpesa/Validation/Rule/ArrayMaxLength.php": {
            "fileSize": 716,
            "lastModified": 1515470679,
            "classes": [
                "Kabangi\\Mpesa\\Validation\\Rule\\ArrayMaxLength"
            ],
            "functions": [],
            "constants": []
        },
        "/Applications/XAMPP/xamppfiles/htdocs/connecthealth/mpesa/mpesa/src/Mpesa/Validation/Rule/ArrayMinLength.php": {
            "fileSize": 718,
            "lastModified": 1515470679,
            "classes": [
                "Kabangi\\Mpesa\\Validation\\Rule\\ArrayMinLength"
            ],
            "functions": [],
            "constants": []
        },
        "/Applications/XAMPP/xamppfiles/htdocs/connecthealth/mpesa/mpesa/src/Mpesa/Validation/Rule/Between.php": {
            "fileSize": 1058,
            "lastModified": 1515470679,
            "classes": [
                "Kabangi\\Mpesa\\Validation\\Rule\\Between"
            ],
            "functions": [],
            "constants": []
        },
        "/Applications/XAMPP/xamppfiles/htdocs/connecthealth/mpesa/mpesa/src/Mpesa/Validation/Rule/Callback.php": {
            "fileSize": 2188,
            "lastModified": 1515470679,
            "classes": [
                "Kabangi\\Mpesa\\Validation\\Rule\\Callback"
            ],
            "functions": [],
            "constants": []
        },
        "/Applications/XAMPP/xamppfiles/htdocs/connecthealth/mpesa/mpesa/src/Mpesa/Validation/Rule/Date.php": {
            "fileSize": 1135,
            "lastModified": 1515470679,
            "classes": [
                "Kabangi\\Mpesa\\Validation\\Rule\\Date"
            ],
            "functions": [],
            "constants": []
        },
        "/Applications/XAMPP/xamppfiles/htdocs/connecthealth/mpesa/mpesa/src/Mpesa/Validation/Rule/DateTime.php": {
            "fileSize": 312,
            "lastModified": 1515470679,
            "classes": [
                "Kabangi\\Mpesa\\Validation\\Rule\\DateTime"
            ],
            "functions": [],
            "constants": []
        },
        "/Applications/XAMPP/xamppfiles/htdocs/connecthealth/mpesa/mpesa/src/Mpesa/Validation/Rule/Email.php": {
            "fileSize": 448,
            "lastModified": 1515470679,
            "classes": [
                "Kabangi\\Mpesa\\Validation\\Rule\\Email"
            ],
            "functions": [],
            "constants": []
        },
        "/Applications/XAMPP/xamppfiles/htdocs/connecthealth/mpesa/mpesa/src/Mpesa/Validation/Rule/EmailDomain.php": {
            "fileSize": 570,
            "lastModified": 1515470679,
            "classes": [
                "Kabangi\\Mpesa\\Validation\\Rule\\EmailDomain"
            ],
            "functions": [],
            "constants": []
        },
        "/Applications/XAMPP/xamppfiles/htdocs/connecthealth/mpesa/mpesa/src/Mpesa/Validation/Rule/Equal.php": {
            "fileSize": 655,
            "lastModified": 1515470679,
            "classes": [
                "Kabangi\\Mpesa\\Validation\\Rule\\Equal"
            ],
            "functions": [],
            "constants": []
        },
        "/Applications/XAMPP/xamppfiles/htdocs/connecthealth/mpesa/mpesa/src/Mpesa/Validation/Rule/File/Extension.php": {
            "fileSize": 1761,
            "lastModified": 1515470679,
            "classes": [
                "Kabangi\\Mpesa\\Validation\\Rule\\File\\Extension"
            ],
            "functions": [],
            "constants": []
        },
        "/Applications/XAMPP/xamppfiles/htdocs/connecthealth/mpesa/mpesa/src/Mpesa/Validation/Rule/File/Image.php": {
            "fileSize": 2031,
            "lastModified": 1515470679,
            "classes": [
                "Kabangi\\Mpesa\\Validation\\Rule\\File\\Image"
            ],
            "functions": [],
            "constants": []
        },
        "/Applications/XAMPP/xamppfiles/htdocs/connecthealth/mpesa/mpesa/src/Mpesa/Validation/Rule/File/ImageHeight.php": {
            "fileSize": 1009,
            "lastModified": 1515470679,
            "classes": [
                "Kabangi\\Mpesa\\Validation\\Rule\\File\\ImageHeight"
            ],
            "functions": [],
            "constants": []
        },
        "/Applications/XAMPP/xamppfiles/htdocs/connecthealth/mpesa/mpesa/src/Mpesa/Validation/Rule/File/ImageRatio.php": {
            "fileSize": 1648,
            "lastModified": 1515470679,
            "classes": [
                "Kabangi\\Mpesa\\Validation\\Rule\\File\\ImageRatio"
            ],
            "functions": [],
            "constants": []
        },
        "/Applications/XAMPP/xamppfiles/htdocs/connecthealth/mpesa/mpesa/src/Mpesa/Validation/Rule/File/ImageWidth.php": {
            "fileSize": 1007,
            "lastModified": 1515470679,
            "classes": [
                "Kabangi\\Mpesa\\Validation\\Rule\\File\\ImageWidth"
            ],
            "functions": [],
            "constants": []
        },
        "/Applications/XAMPP/xamppfiles/htdocs/connecthealth/mpesa/mpesa/src/Mpesa/Validation/Rule/File/Size.php": {
            "fileSize": 1339,
            "lastModified": 1515470679,
            "classes": [
                "Kabangi\\Mpesa\\Validation\\Rule\\File\\Size"
            ],
            "functions": [],
            "constants": []
        },
        "/Applications/XAMPP/xamppfiles/htdocs/connecthealth/mpesa/mpesa/src/Mpesa/Validation/Rule/FullName.php": {
            "fileSize": 843,
            "lastModified": 1515470679,
            "classes": [
                "Kabangi\\Mpesa\\Validation\\Rule\\FullName"
            ],
            "functions": [],
            "constants": []
        },
        "/Applications/XAMPP/xamppfiles/htdocs/connecthealth/mpesa/mpesa/src/Mpesa/Validation/Rule/GreaterThan.php": {
            "fileSize": 937,
            "lastModified": 1515470679,
            "classes": [
                "Kabangi\\Mpesa\\Validation\\Rule\\GreaterThan"
            ],
            "functions": [],
            "constants": []
        },
        "/Applications/XAMPP/xamppfiles/htdocs/connecthealth/mpesa/mpesa/src/Mpesa/Validation/Rule/InList.php": {
            "fileSize": 728,
            "lastModified": 1515470679,
            "classes": [
                "Kabangi\\Mpesa\\Validation\\Rule\\InList"
            ],
            "functions": [],
            "constants": []
        },
        "/Applications/XAMPP/xamppfiles/htdocs/connecthealth/mpesa/mpesa/src/Mpesa/Validation/Rule/Integer.php": {
            "fileSize": 452,
            "lastModified": 1515470679,
            "classes": [
                "Kabangi\\Mpesa\\Validation\\Rule\\Integer"
            ],
            "functions": [],
            "constants": []
        },
        "/Applications/XAMPP/xamppfiles/htdocs/connecthealth/mpesa/mpesa/src/Mpesa/Validation/Rule/IpAddress.php": {
            "fileSize": 756,
            "lastModified": 1515470679,
            "classes": [
                "Kabangi\\Mpesa\\Validation\\Rule\\IpAddress"
            ],
            "functions": [],
            "constants": []
        },
        "/Applications/XAMPP/xamppfiles/htdocs/connecthealth/mpesa/mpesa/src/Mpesa/Validation/Rule/Length.php": {
            "fileSize": 1164,
            "lastModified": 1515470679,
            "classes": [
                "Kabangi\\Mpesa\\Validation\\Rule\\Length"
            ],
            "functions": [],
            "constants": []
        },
        "/Applications/XAMPP/xamppfiles/htdocs/connecthealth/mpesa/mpesa/src/Mpesa/Validation/Rule/LessThan.php": {
            "fileSize": 928,
            "lastModified": 1515470679,
            "classes": [
                "Kabangi\\Mpesa\\Validation\\Rule\\LessThan"
            ],
            "functions": [],
            "constants": []
        },
        "/Applications/XAMPP/xamppfiles/htdocs/connecthealth/mpesa/mpesa/src/Mpesa/Validation/Rule/Match.php": {
            "fileSize": 676,
            "lastModified": 1515470679,
            "classes": [
                "Kabangi\\Mpesa\\Validation\\Rule\\Match"
            ],
            "functions": [],
            "constants": []
        },
        "/Applications/XAMPP/xamppfiles/htdocs/connecthealth/mpesa/mpesa/src/Mpesa/Validation/Rule/MaxLength.php": {
            "fileSize": 798,
            "lastModified": 1515470679,
            "classes": [
                "Kabangi\\Mpesa\\Validation\\Rule\\MaxLength"
            ],
            "functions": [],
            "constants": []
        },
        "/Applications/XAMPP/xamppfiles/htdocs/connecthealth/mpesa/mpesa/src/Mpesa/Validation/Rule/MinLength.php": {
            "fileSize": 796,
            "lastModified": 1515470679,
            "classes": [
                "Kabangi\\Mpesa\\Validation\\Rule\\MinLength"
            ],
            "functions": [],
            "constants": []
        },
        "/Applications/XAMPP/xamppfiles/htdocs/connecthealth/mpesa/mpesa/src/Mpesa/Validation/Rule/NotInList.php": {
            "fileSize": 720,
            "lastModified": 1515470679,
            "classes": [
                "Kabangi\\Mpesa\\Validation\\Rule\\NotInList"
            ],
            "functions": [],
            "constants": []
        },
        "/Applications/XAMPP/xamppfiles/htdocs/connecthealth/mpesa/mpesa/src/Mpesa/Validation/Rule/NotRegex.php": {
            "fileSize": 457,
            "lastModified": 1515470679,
            "classes": [
                "Kabangi\\Mpesa\\Validation\\Rule\\NotRegex"
            ],
            "functions": [],
            "constants": []
        },
        "/Applications/XAMPP/xamppfiles/htdocs/connecthealth/mpesa/mpesa/src/Mpesa/Validation/Rule/Number.php": {
            "fileSize": 435,
            "lastModified": 1515470679,
            "classes": [
                "Kabangi\\Mpesa\\Validation\\Rule\\Number"
            ],
            "functions": [],
            "constants": []
        },
        "/Applications/XAMPP/xamppfiles/htdocs/connecthealth/mpesa/mpesa/src/Mpesa/Validation/Rule/Regex.php": {
            "fileSize": 706,
            "lastModified": 1515470679,
            "classes": [
                "Kabangi\\Mpesa\\Validation\\Rule\\Regex"
            ],
            "functions": [],
            "constants": []
        },
        "/Applications/XAMPP/xamppfiles/htdocs/connecthealth/mpesa/mpesa/src/Mpesa/Validation/Rule/Required.php": {
            "fileSize": 386,
            "lastModified": 1515470679,
            "classes": [
                "Kabangi\\Mpesa\\Validation\\Rule\\Required"
            ],
            "functions": [],
            "constants": []
        },
        "/Applications/XAMPP/xamppfiles/htdocs/connecthealth/mpesa/mpesa/src/Mpesa/Validation/Rule/RequiredWhen.php": {
            "fileSize": 2353,
            "lastModified": 1515470679,
            "classes": [
                "Kabangi\\Mpesa\\Validation\\Rule\\RequiredWhen"
            ],
            "functions": [],
            "constants": []
        },
        "/Applications/XAMPP/xamppfiles/htdocs/connecthealth/mpesa/mpesa/src/Mpesa/Validation/Rule/RequiredWith.php": {
            "fileSize": 882,
            "lastModified": 1515470679,
            "classes": [
                "Kabangi\\Mpesa\\Validation\\Rule\\RequiredWith"
            ],
            "functions": [],
            "constants": []
        },
        "/Applications/XAMPP/xamppfiles/htdocs/connecthealth/mpesa/mpesa/src/Mpesa/Validation/Rule/RequiredWithout.php": {
            "fileSize": 885,
            "lastModified": 1515470679,
            "classes": [
                "Kabangi\\Mpesa\\Validation\\Rule\\RequiredWithout"
            ],
            "functions": [],
            "constants": []
        },
        "/Applications/XAMPP/xamppfiles/htdocs/connecthealth/mpesa/mpesa/src/Mpesa/Validation/Rule/Time.php": {
            "fileSize": 302,
            "lastModified": 1515470679,
            "classes": [
                "Kabangi\\Mpesa\\Validation\\Rule\\Time"
            ],
            "functions": [],
            "constants": []
        },
        "/Applications/XAMPP/xamppfiles/htdocs/connecthealth/mpesa/mpesa/src/Mpesa/Validation/Rule/Upload/Extension.php": {
            "fileSize": 1931,
            "lastModified": 1515470679,
            "classes": [
                "Kabangi\\Mpesa\\Validation\\Rule\\Upload\\Extension"
            ],
            "functions": [],
            "constants": []
        },
        "/Applications/XAMPP/xamppfiles/htdocs/connecthealth/mpesa/mpesa/src/Mpesa/Validation/Rule/Upload/Image.php": {
            "fileSize": 2197,
            "lastModified": 1515470679,
            "classes": [
                "Kabangi\\Mpesa\\Validation\\Rule\\Upload\\Image"
            ],
            "functions": [],
            "constants": []
        },
        "/Applications/XAMPP/xamppfiles/htdocs/connecthealth/mpesa/mpesa/src/Mpesa/Validation/Rule/Upload/ImageHeight.php": {
            "fileSize": 1176,
            "lastModified": 1515470679,
            "classes": [
                "Kabangi\\Mpesa\\Validation\\Rule\\Upload\\ImageHeight"
            ],
            "functions": [],
            "constants": []
        },
        "/Applications/XAMPP/xamppfiles/htdocs/connecthealth/mpesa/mpesa/src/Mpesa/Validation/Rule/Upload/ImageRatio.php": {
            "fileSize": 1814,
            "lastModified": 1515470679,
            "classes": [
                "Kabangi\\Mpesa\\Validation\\Rule\\Upload\\ImageRatio"
            ],
            "functions": [],
            "constants": []
        },
        "/Applications/XAMPP/xamppfiles/htdocs/connecthealth/mpesa/mpesa/src/Mpesa/Validation/Rule/Upload/ImageWidth.php": {
            "fileSize": 1173,
            "lastModified": 1515470679,
            "classes": [
                "Kabangi\\Mpesa\\Validation\\Rule\\Upload\\ImageWidth"
            ],
            "functions": [],
            "constants": []
        },
        "/Applications/XAMPP/xamppfiles/htdocs/connecthealth/mpesa/mpesa/src/Mpesa/Validation/Rule/Upload/Required.php": {
            "fileSize": 714,
            "lastModified": 1515470679,
            "classes": [
                "Kabangi\\Mpesa\\Validation\\Rule\\Upload\\Required"
            ],
            "functions": [],
            "constants": []
        },
        "/Applications/XAMPP/xamppfiles/htdocs/connecthealth/mpesa/mpesa/src/Mpesa/Validation/Rule/Upload/Size.php": {
            "fileSize": 1505,
            "lastModified": 1515470679,
            "classes": [
                "Kabangi\\Mpesa\\Validation\\Rule\\Upload\\Size"
            ],
            "functions": [],
            "constants": []
        },
        "/Applications/XAMPP/xamppfiles/htdocs/connecthealth/mpesa/mpesa/src/Mpesa/Validation/Rule/Url.php": {
            "fileSize": 434,
            "lastModified": 1515470679,
            "classes": [
                "Kabangi\\Mpesa\\Validation\\Rule\\Url"
            ],
            "functions": [],
            "constants": []
        },
        "/Applications/XAMPP/xamppfiles/htdocs/connecthealth/mpesa/mpesa/src/Mpesa/Validation/Rule/Website.php": {
            "fileSize": 733,
            "lastModified": 1515470679,
            "classes": [
                "Kabangi\\Mpesa\\Validation\\Rule\\Website"
            ],
            "functions": [],
            "constants": []
        },
        "/Applications/XAMPP/xamppfiles/htdocs/connecthealth/mpesa/mpesa/src/Mpesa/Validation/RuleCollection.php": {
            "fileSize": 747,
            "lastModified": 1515470679,
            "classes": [
                "Kabangi\\Mpesa\\Validation\\RuleCollection"
            ],
            "functions": [],
            "constants": []
        },
        "/Applications/XAMPP/xamppfiles/htdocs/connecthealth/mpesa/mpesa/src/Mpesa/Validation/RuleFactory.php": {
            "fileSize": 7169,
            "lastModified": 1515470679,
            "classes": [
                "Kabangi\\Mpesa\\Validation\\RuleFactory"
            ],
            "functions": [],
            "constants": []
        },
        "/Applications/XAMPP/xamppfiles/htdocs/connecthealth/mpesa/mpesa/src/Mpesa/Validation/Util/Arr.php": {
            "fileSize": 4896,
            "lastModified": 1515470679,
            "classes": [
                "Kabangi\\Mpesa\\Validation\\Util\\Arr"
            ],
            "functions": [],
            "constants": []
        },
        "/Applications/XAMPP/xamppfiles/htdocs/connecthealth/mpesa/mpesa/src/Mpesa/Validation/Validator.php": {
            "fileSize": 11687,
            "lastModified": 1515470679,
            "classes": [
                "Kabangi\\Mpesa\\Validation\\Validator"
            ],
            "functions": [],
            "constants": []
        },
        "/Applications/XAMPP/xamppfiles/htdocs/connecthealth/mpesa/mpesa/src/Mpesa/Validation/ValidatorInterface.php": {
            "fileSize": 303,
            "lastModified": 1515470679,
            "classes": [
                "Kabangi\\Mpesa\\Validation\\ValidatorInterface"
            ],
            "functions": [],
            "constants": []
        },
        "/Applications/XAMPP/xamppfiles/htdocs/connecthealth/mpesa/mpesa/src/Mpesa/Validation/ValueValidator.php": {
            "fileSize": 8006,
            "lastModified": 1515470679,
            "classes": [
                "Kabangi\\Mpesa\\Validation\\ValueValidator"
            ],
            "functions": [],
            "constants": []
        },
        "/Applications/XAMPP/xamppfiles/htdocs/connecthealth/mpesa/mpesa/src/Mpesa/Contracts/HttpRequest.php": {
            "fileSize": 377,
            "lastModified": 1520310445,
            "classes": [
                "Kabangi\\Mpesa\\Contracts\\HttpRequest"
            ],
            "functions": [],
            "constants": []
        },
        "/Applications/XAMPP/xamppfiles/htdocs/connecthealth/mpesa/mpesa/src/Mpesa/Engine/Cache.php": {
            "fileSize": 2758,
            "lastModified": 1520188637,
            "classes": [
                "Kabangi\\Mpesa\\Engine\\Cache"
            ],
            "functions": [],
            "constants": []
        },
        "/Applications/XAMPP/xamppfiles/htdocs/connecthealth/mpesa/mpesa/src/Mpesa/Engine/Config.php": {
            "fileSize": 4277,
            "lastModified": 1520188637,
            "classes": [
                "Kabangi\\Mpesa\\Engine\\Config"
            ],
            "functions": [],
            "constants": []
        },
        "/Applications/XAMPP/xamppfiles/htdocs/connecthealth/mpesa/mpesa/src/Mpesa/Engine/CurlRequest.php": {
            "fileSize": 734,
            "lastModified": 1520310445,
            "classes": [
                "Kabangi\\Mpesa\\Engine\\CurlRequest"
            ],
            "functions": [],
            "constants": []
        },
        "/Applications/XAMPP/xamppfiles/htdocs/connecthealth/mpesa/mpesa/src/Mpesa/Exceptions/MpesaException.php": {
            "fileSize": 107,
            "lastModified": 1519904040,
            "classes": [
                "Kabangi\\Mpesa\\Exceptions\\MpesaException"
            ],
            "functions": [],
            "constants": []
        },
        "/Applications/XAMPP/xamppfiles/htdocs/connecthealth/mpesa/mpesa/src/Mpesa/Init.php": {
            "fileSize": 762,
            "lastModified": 1520189559,
            "classes": [
                "Kabangi\\Mpesa\\Init"
            ],
            "functions": [],
            "constants": []
        },
        "/Applications/XAMPP/xamppfiles/htdocs/connecthealth/mpesa/mpesa/src/config/mpesa.php": {
            "fileSize": 7531,
            "lastModified": 1520323095,
            "classes": [],
            "functions": [],
            "constants": []
        }
    }
}